"","1","2","3","4","5","6","7","8","9","10","11","12","13","14","15","16","17","18","19","20","21","22","23","24","25","26","27","28","29","30","31","32","33","34","35","36","37","38","39","40","41","42","43","44","45","46","47","48","49","50","51","52","53","54","55","56","57","58","59","60","61","62","63","64","65","66","67","68","69","70","71","72","73","74","75","76","77","78","79","80","81"
"A2MG","17.98925","17.17889","18.25910","17.11142","18.18679","17.18326","17.25134","17.09298","17.10179","16.80346","18.09012","17.59903","18.58296","16.85865","17.94828","17.69528","17.21908","18.06908","18.10003","18.36736","17.96201","17.76485","17.29110","17.16410","16.89089","17.70862","17.64786","18.16083","17.83873","18.48590","19.09455","18.36421","17.29490","17.92451","18.26364","18.42338","17.71620","18.01247","18.82372","18.26516","17.77440","17.48956","18.59373","18.20851","17.35122","18.33091","17.47328","18.14036","18.43830","17.69563","17.83358","18.94706","18.55151","18.86508","18.85131","18.84720","18.29492","17.45522","18.54959","17.99844","17.79887","18.36094","18.24364","18.04216","18.78411","17.60916","19.00763","18.59580","18.52355","18.40269","19.60311","18.02822","19.19122","17.78185","19.10846","17.82797","18.97306","19.73151","19.16696","18.95053","18.03346"
"AACT","20.21168","21.12620","21.56878","20.18741","21.29030","21.53697","21.84284","22.45305","20.74328","19.97569","20.09495","19.97937","20.42251","21.83202","20.31975","21.65971","20.76097","21.18034","20.81620","21.60637","20.93458","20.40545","21.98208","20.91276","22.16588","21.24531","22.18641","20.21256","20.88114","20.33252","20.55226","20.40973","21.16527","20.73940","20.68846","20.61306","21.04703","21.46456","21.32242","21.96504","20.48926","21.84079","20.40485","21.12102","22.06320","21.28401","21.90301","21.70714","20.44591","21.97636","21.20953","21.11472","21.77037","20.38935","21.20592","21.29194","20.28314","22.41122","20.57476","21.50435","21.54286","20.94299","20.90555","20.68909","20.76766","22.06531","21.04569","21.43252","20.53845","20.77073","21.38330","20.86416","20.30419","21.40501","21.39699","21.72778","22.44062","21.40808","22.34180","20.37214","21.47422"
"APOA","19.62308","13.73807","14.19121","12.52145","17.85857","17.19552","17.70853","17.65882","17.34795","17.61698","16.14682","14.79668","17.13718","17.65556","15.04312","13.43430","12.56858","15.70120","16.24892","15.70082","18.81070","16.76184","17.99291","15.96758","18.06777","15.07273","15.31100","13.92180","15.58503","16.39702","13.84267","14.66133","14.81281","15.07233","19.11625","12.51423","17.62666","15.14825","17.95566","17.53456","15.18991","13.72078","14.16202","12.87358","16.75914","15.25700","17.12110","14.69464","14.57859","15.80194","17.43875","13.84795","14.89377","15.04041","17.49505","16.60616","15.03098","15.07570","18.54388","16.74711","17.23991","17.31055","17.56526","15.31766","12.25494","14.90563","17.52269","16.72586","13.97060","15.01380","16.06933","17.51503","14.00141","16.67425","12.61009","17.75241","16.44893","14.33747","17.73409","14.66253","17.11380"
"APOA1","22.50381","22.34961","22.43871","22.29837","22.37038","22.33679","21.72323","22.00861","22.68134","21.84086","22.53549","22.22364","22.19069","22.26963","22.49601","22.21205","22.68134","22.34750","22.72059","22.09977","22.06546","22.19429","22.09512","21.50538","22.16768","22.33262","22.03528","23.19022","22.84888","23.25641","22.63968","22.44299","22.36376","23.07560","22.78528","22.91454","22.85453","22.83358","22.96919","22.71215","22.73077","22.42604","22.59290","22.66383","23.20207","22.86116","21.95495","22.95340","22.92485","22.73288","22.87580","23.27026","22.38421","22.01607","22.66832","22.49854","22.61878","20.67623","22.67847","22.06040","22.69634","22.92099","23.11242","23.17665","23.25023","22.50786","23.03983","21.58007","22.52904","22.30192","21.78963","22.40833","22.80046","22.58031","22.63646","22.93996","22.85924","22.04378","21.25559","22.28032","22.37451"
"APOB","19.04037","17.95308","17.59126","17.80384","18.47784","18.13041","18.26755","18.16057","17.73548","17.86588","17.63977","17.56147","17.69988","18.20803","17.91322","18.29014","18.20402","18.54642","17.79979","19.03885","18.47839","18.03672","18.48544","17.96001","18.04829","18.53993","18.37047","17.58007","18.52092","18.18011","18.75243","18.13042","17.35534","18.21697","18.93893","18.07815","18.15805","18.15127","19.01148","18.73716","18.55375","17.95090","18.67893","18.62852","18.31074","18.91271","18.42125","18.45938","18.92238","17.63040","18.89827","18.31453","18.50118","18.43746","18.21731","18.82165","18.50082","17.74240","18.95251","18.58370","18.47944","19.33619","18.91801","17.92234","18.80907","18.12983","18.45851","19.02602","18.57605","18.45807","18.28545","17.96190","18.80491","18.60966","18.99501","18.81832","18.78322","19.23319","18.96495","18.54215","18.57313"
"APOE","17.09512","15.25449","16.89282","16.72688","16.61808","16.47537","15.82988","15.83054","16.75761","16.17632","15.97734","15.57087","16.04269","15.65705","16.30480","17.09614","16.31624","16.08274","16.07729","16.69487","16.65029","15.54099","15.99527","16.13128","16.39245","16.16532","15.83577","16.47817","16.44808","16.84173","16.78163","16.31949","16.16419","17.19518","16.49079","14.87664","16.49647","16.30066","16.33334","16.15289","19.34612","16.61267","17.28017","16.70361","16.76480","16.62633","16.43921","16.54849","16.98637","16.23476","16.93759","16.82478","16.53797","16.91052","16.60586","16.79432","16.44207","16.24577","16.57142","16.66782","16.63890","16.89490","16.59395","17.32694","16.27826","16.80560","16.05570","16.40014","17.55027","16.60766","16.32128","17.32255","17.18269","16.47251","16.58973","16.90554","17.21468","17.40148","17.06285","16.79725","15.69382"
"B2MG","15.66239","15.05989","15.14753","15.15065","15.34625","14.99165","15.22578","14.86864","14.90024","13.99008","14.38868","14.35131","14.97647","14.99108","15.12652","15.43958","14.81469","16.00005","14.92581","15.21450","15.73579","14.87624","14.88669","15.15839","14.74596","16.10396","15.69850","14.71930","15.06038","14.55529","15.64763","14.34495","14.90583","14.35630","15.09026","14.79334","15.99192","14.80443","15.19442","15.14788","14.49218","15.25744","14.88260","14.64465","14.52067","14.18251","15.32618","15.50163","14.93410","15.88890","15.27487","15.06323","15.31711","14.95485","15.18026","15.01770","15.27458","14.92662","15.79081","15.09514","15.61164","14.89058","14.55385","14.77014","14.05549","14.97187","15.45675","15.52886","14.60976","15.07515","15.65740","14.58446","14.97443","14.67884","15.77204","14.95868","16.36340","15.08042","15.26781","14.01169","14.59991"
"C1QA","17.95572","17.87879","18.20648","18.19653","18.23511","17.94355","18.57607","18.26107","18.14036","16.84616","17.81646","17.75942","17.69302","18.14635","17.79268","18.37513","18.21592","18.27146","18.15021","18.64025","18.28992","17.22876","18.35025","17.69504","18.17193","18.22644","17.62774","18.17043","18.47583","18.27083","18.20406","17.71477","17.98839","18.03619","18.38231","18.36003","18.57375","17.86020","18.17014","18.23889","18.37661","18.13033","18.65553","18.42779","17.56601","17.85198","18.37636","18.27544","18.16516","17.85517","18.50010","18.32343","18.43226","18.10179","18.19538","18.04640","17.69468","17.78988","17.90029","18.70821","18.52259","18.29010","18.67779","18.30149","18.38915","18.10302","18.29795","17.68027","18.14882","18.24936","18.02914","18.04240","18.02099","18.15584","18.76385","18.64347","18.45726","18.98056","18.69367","17.45467","17.50529"
"C1QB","16.98737","17.07821","17.23072","17.18742","17.33964","16.92784","17.50595","17.38910","17.16606","16.10387","17.08739","16.61167","16.81240","17.31608","16.84639","17.51028","17.20483","17.25410","17.06728","17.50530","17.41578","16.51589","17.33596","16.69571","17.24886","17.25748","16.60672","17.08389","17.36865","16.99956","17.07368","16.97452","17.24001","17.23675","17.65489","17.39962","17.69271","17.24698","17.31483","17.16792","17.56935","17.07944","17.65894","17.65509","16.78426","17.13607","17.58596","17.41848","17.25835","16.78597","17.32338","17.34854","17.64168","17.25550","17.45451","17.07457","17.14844","16.50918","16.91049","17.41957","17.53261","17.43562","17.45522","17.17530","17.31781","16.92523","17.43395","17.10208","17.36369","17.27876","16.99558","17.25700","16.66825","16.98879","17.72053","17.37127","17.02392","17.80224","17.53168","16.70010","16.86649"
"C1QC","19.07527","19.03966","19.19031","19.29765","19.17431","19.14901","19.70026","19.70711","19.13555","18.10667","18.99234","18.59065","18.64377","19.31470","18.88078","19.42266","19.25444","19.40360","19.15616","19.61839","19.48161","18.48309","19.29166","18.67685","19.30951","19.22035","18.59889","19.09599","19.34478","19.12961","18.95354","18.79957","19.33279","19.10186","19.46901","19.46079","19.70210","19.07545","19.31585","19.37590","19.54164","19.27016","19.56978","19.43349","18.90218","19.05433","19.47326","19.29803","19.28440","18.91332","19.53254","19.20886","19.43449","18.96795","19.51631","19.00590","18.88458","18.88535","19.08433","19.59494","19.50248","19.33591","19.34008","19.20248","19.23173","19.28219","19.53415","19.14895","19.32288","19.12557","18.97719","19.09987","18.72077","19.17188","19.65397","19.52413","19.38245","19.72893","19.75907","18.51570","18.52221"
"C1R","15.75842","16.06628","15.78368","15.86384","16.11626","15.68647","16.32147","16.30447","15.88681","14.67844","15.72388","15.19471","15.17961","16.22205","15.54743","16.08649","16.04035","15.46639","15.71527","16.39391","15.76289","15.23700","16.31498","15.45514","16.30585","16.05309","16.26525","15.76293","16.02588","15.86252","15.53885","15.63050","15.76204","15.80500","15.88397","15.93703","16.23806","16.37138","15.64561","16.10411","15.96972","15.97766","15.98660","16.00921","16.02630","15.77786","16.32671","16.01399","15.77233","15.84623","16.09590","16.08957","16.22864","15.92312","16.17085","15.87446","15.59708","15.95192","15.59924","16.21192","16.15508","15.91951","16.05826","15.91499","15.76421","16.64102","16.13268","15.66021","15.82450","15.98201","16.11179","16.03552","15.65209","16.25813","16.43662","16.28526","16.26032","16.44835","16.20723","15.49429","15.92157"
"CADH5","14.91089","14.84360","15.28688","14.22653","14.15816","14.17546","14.12687","13.99021","14.23987","13.27455","14.54861","13.72181","14.41253","14.30941","13.80566","14.15749","14.54744","14.50044","14.24000","14.49370","14.36461","13.78680","13.84566","14.01317","13.92709","14.19573","14.17084","14.42326","14.34244","14.48137","14.66421","14.72785","13.91615","14.36834","14.92000","14.78984","14.66484","13.95680","14.27425","14.60275","14.50870","14.48075","14.11868","14.08183","14.95310","13.94949","14.33812","14.30205","15.17521","14.18409","13.97631","14.13791","14.54728","14.22975","14.34066","14.59958","14.83964","14.17457","15.29886","13.91338","14.50237","14.59754","13.99129","14.18702","14.21002","14.13893","14.69543","14.61771","14.88894","14.63960","14.09358","14.73858","14.44861","14.27610","14.54987","14.19844","14.59380","15.01797","14.11300","14.66214","14.22612"
"CCNH","13.86014","14.54361","14.13569","13.07326","13.54923","14.02881","13.42151","14.74857","14.27776","13.07023","14.00194","12.56635","13.81776","14.04035","13.29352","14.16080","14.43169","13.85342","13.41845","14.88098","13.83181","13.22427","14.35346","13.80538","14.31232","13.65367","14.02247","13.96012","14.57250","13.85549","13.50617","13.85274","14.44585","14.19612","13.72843","12.67698","14.27635","14.36802","14.15691","14.10887","14.86053","14.78055","15.04312","14.21583","14.25437","14.43140","14.48080","13.90355","14.25778","14.57609","15.04017","14.65616","15.40477","14.42232","15.03875","14.80433","14.41028","14.70896","14.69721","13.55746","14.17666","13.16398","12.46080","12.08503","12.74453","13.12425","12.45281","13.05884","12.54898","12.21051","12.15393","12.79521","11.38197","12.09365","11.19435","11.55799","12.40771","12.34475","12.67572","12.64454","13.42429"
"CFAB","17.69644","17.81400","18.08270","17.36631","18.04825","17.85829","18.17490","18.62911","17.49911","17.53208","17.63509","16.84732","17.36670","18.67567","17.12799","18.21138","17.97633","17.71430","17.64588","17.69314","17.74914","17.00545","18.16343","17.66677","18.75482","17.51909","18.74761","17.40048","17.85891","17.61075","17.25046","17.60276","18.04284","17.83918","17.74660","17.91907","17.45772","18.36013","17.60982","18.61283","17.04733","18.40671","18.49347","18.14942","18.13941","17.64710","18.30174","17.73480","17.56180","18.12720","18.13063","17.94287","18.50612","17.54949","17.86924","17.68991","17.22798","18.18149","17.72872","18.20961","18.12154","17.57567","17.42733","17.63733","17.76632","18.67484","17.54629","18.37921","18.17388","17.65979","17.97400","18.16973","17.05995","18.20455","18.02007","18.33881","18.38822","17.75921","18.05391","17.65337","18.18668"
"CLUS","18.88729","18.71761","19.14523","18.75908","18.90718","18.90121","19.23760","18.66307","18.93919","18.43307","18.78425","18.66869","18.73026","18.87382","18.69324","19.03584","19.00887","19.09059","18.76213","19.10948","19.11735","18.45614","18.53824","18.50855","18.43658","18.77250","18.73283","18.91059","19.07879","19.19199","18.78124","18.89990","18.67366","19.06278","19.21550","19.31853","19.10328","19.20286","18.82375","19.44270","19.25131","18.74312","19.05745","19.27821","19.10824","18.65477","18.95836","18.74849","19.09125","18.98253","19.13717","18.84955","18.81588","18.86328","18.99327","18.71456","18.79752","18.13754","19.01511","18.84213","18.46992","19.21415","19.22339","19.16694","18.93024","19.02106","18.94688","18.87697","18.97804","18.94038","18.74505","19.37944","18.74999","18.90052","19.01359","18.95285","18.64268","19.28157","19.03167","18.86124","18.39383"
"CO3","20.50418","20.34448","20.83125","20.23148","20.46316","20.24616","20.89166","20.86347","20.53798","19.74494","20.26866","19.83079","20.25625","20.71073","20.12406","20.89779","20.89040","20.50099","20.43047","20.87198","20.56839","19.90824","21.08893","20.62846","21.11362","20.57826","21.02669","20.10966","20.75951","20.41831","20.45756","20.45584","20.62125","20.63756","20.43567","20.94731","20.48018","20.78210","20.41717","21.16264","20.75912","20.91657","21.21959","20.33820","20.90487","20.24329","20.39658","20.80411","20.57708","20.69155","20.49245","21.30764","20.51404","19.88112","19.97255","20.25726","20.13730","20.26014","20.38528","19.63949","19.60767","20.31435","20.52555","19.71427","20.21996","21.05844","20.36918","20.56779","20.55903","20.60233","20.38383","20.40707","20.02959","20.27178","20.47603","19.96497","20.18594","20.82761","20.90846","19.94845","20.09763"
"CO4A","19.59528","19.12765","19.56023","19.90318","20.04227","19.66963","20.28023","20.35330","20.03019","19.47646","19.28347","18.57637","18.91002","19.57332","19.60993","20.02793","19.51853","19.06766","20.06308","20.01196","19.96251","18.59449","20.86768","19.68346","20.03696","19.53222","20.53042","18.60094","19.52067","19.71095","19.93527","19.10671","19.25548","19.03475","19.64979","19.91422","19.28771","19.99942","19.47137","19.29038","19.35147","19.35369","20.10852","20.09101","19.76391","19.57786","19.67899","20.57303","19.95660","20.14118","20.17218","19.99027","20.14014","19.28451","19.51057","19.05882","19.16085","19.80713","19.27665","20.14587","19.88936","19.50216","20.57482","19.51456","19.15152","20.46130","19.04456","19.93171","19.10173","19.25309","19.84947","19.87225","19.14143","19.93052","19.95206","19.51393","20.35370","19.95876","19.43497","19.39581","19.24969"
"CO5","17.20269","17.36312","17.60906","17.02519","17.52813","17.61699","17.98646","17.43954","17.13916","16.48756","17.08514","16.76854","17.14924","17.27074","17.24806","17.97021","17.32478","17.35990","17.08886","17.74864","17.24690","16.75847","17.33123","17.42978","17.70315","17.21997","17.56792","16.81044","17.44752","16.90542","17.22314","17.20277","16.97296","17.24188","17.41023","17.50292","17.56243","16.65465","17.39876","17.70004","17.48265","17.43789","17.39722","17.42786","17.47974","17.56055","17.32250","17.47130","17.42335","17.63409","17.70978","16.99167","17.44365","16.90105","17.53247","17.51350","16.83589","17.37779","17.20262","17.75668","17.39436","16.87995","17.20140","17.21310","17.04898","17.96535","17.14491","17.57528","17.04209","17.13228","17.41839","17.24271","16.90080","17.24079","17.03524","17.24006","17.28008","17.77118","17.33626","16.84555","16.97085"
"CO6","16.68593","16.70375","16.80373","16.52790","16.96440","16.60014","16.83182","16.95044","16.49209","16.18720","16.55655","15.92467","16.52331","17.18027","16.58373","17.19880","16.81013","16.76135","16.68349","16.77180","16.60658","16.24927","16.98367","16.56761","17.27580","16.94793","17.00757","16.54305","16.78775","16.91799","16.63589","16.71817","16.88666","16.71930","17.02247","16.38618","16.93416","17.15956","16.63435","16.96210","16.60331","16.91319","16.86413","17.03993","17.11090","16.79150","17.24938","16.75575","16.74628","16.37399","17.24524","16.92012","17.05390","16.71085","16.98160","17.24026","16.61715","16.06715","16.74892","17.11116","16.99761","16.75180","16.82939","16.63903","16.67632","17.19905","16.63082","16.96306","16.67761","16.64880","16.41499","16.85092","16.57711","16.96456","16.97694","17.26659","16.99782","16.77997","17.04648","16.40857","16.65339"
"CO7","14.49753","14.17252","14.58533","14.61656","14.42883","14.54854","14.49050","14.36865","13.80016","13.05270","14.26030","14.40215","14.66508","14.19366","13.81989","14.70978","13.90502","14.03591","13.42001","14.01654","14.23279","13.30763","14.38661","13.99589","14.29398","13.79014","14.28374","14.20415","14.10657","13.97293","14.52326","13.99529","14.60218","13.96801","14.73413","14.21294","14.99092","13.93474","14.46613","14.61947","14.25454","14.50132","14.18791","14.16056","14.65746","14.43121","14.64317","14.31002","14.59815","14.09740","14.54234","15.10576","14.76903","14.71698","14.46921","14.70472","14.52974","14.55447","14.75396","14.49289","14.07245","14.36297","14.69854","14.48576","14.47894","14.73223","14.99257","15.01623","14.29754","14.46486","14.74028","13.95168","14.80945","14.66063","14.85998","14.17512","14.96753","15.17472","14.76155","14.36635","14.16361"
"FN1","15.50018","14.41796","15.31088","14.49291","16.77545","15.06358","16.57932","14.18128","14.40218","14.60278","14.63088","14.23860","15.50258","14.44266","14.72757","15.83217","14.55521","16.27001","14.18518","14.42146","15.30695","15.01195","14.95713","13.85858","14.39559","16.07202","14.75193","16.53050","15.95578","15.11596","15.39247","15.53839","14.22525","14.95735","14.88633","14.74076","16.36731","14.62589","14.85836","14.23140","15.38185","14.01155","16.04393","15.23217","14.20900","14.89477","14.40079","14.45716","14.83659","15.07168","14.45801","13.65071","14.55741","15.35364","13.77445","14.74622","14.95989","13.84354","14.64930","15.05442","14.71835","15.42789","14.50482","14.63367","14.63303","14.28469","15.07091","14.99481","14.82108","15.55488","15.12202","15.79368","16.12598","14.47135","15.65924","13.99862","14.58715","14.75285","15.90126","15.21462","15.54505"
"GELS","17.65959","17.14872","16.80209","17.46122","17.51939","16.33689","16.54397","16.47052","16.97601","16.52475","16.69671","16.75887","16.72485","16.86083","17.15561","17.01448","16.30202","17.48865","17.26501","16.73263","16.54786","16.84898","16.48954","16.44033","16.82613","16.98098","16.96401","17.52073","17.22569","17.20288","17.72459","16.91525","16.95718","17.13458","17.38642","17.23069","17.49012","16.50876","17.03191","17.10739","17.44577","17.06037","17.28995","17.12526","16.87706","16.62822","17.28997","16.88376","17.03344","16.91703","16.68707","16.61799","17.10146","17.19316","16.86748","17.37477","17.24581","15.77148","16.37821","17.30538","17.19350","17.57141","17.42646","17.48802","17.13483","16.42425","17.12495","16.61959","16.79871","17.20084","16.91883","17.29527","17.50989","16.96446","17.54406","17.19302","16.45338","16.59023","16.33566","16.62464","16.54505"
"HPT","21.27505","21.76013","22.74098","21.05141","22.14364","21.32528","21.99257","23.39412","21.65493","20.76584","20.87932","20.81963","20.88635","22.98855","21.28555","22.89456","21.33429","22.21306","21.08580","22.33812","22.09541","21.45105","22.76349","21.68118","23.13601","22.49406","23.24901","20.80529","22.52925","19.36765","21.53388","20.79701","22.29865","21.92432","21.66783","21.71241","21.88647","22.97984","21.68918","23.13906","21.25684","22.70698","21.95486","21.56508","22.35098","22.71259","23.17425","22.87885","21.59788","22.70575","22.27459","21.89431","23.32775","22.00985","22.53144","22.08580","21.44913","23.10609","21.73682","22.62902","23.06039","20.82663","21.31693","20.82194","20.08595","22.71531","22.09222","22.45447","21.46179","21.70287","22.29704","22.08931","20.63978","22.69700","20.58430","22.31951","22.53502","22.31407","22.94267","20.53611","21.82149"
"IC1","18.62460","18.62883","18.92342","18.48404","18.85926","18.76661","18.68845","18.49280","18.63118","17.85865","18.33294","17.76010","18.23875","18.95212","18.34254","18.68795","18.33863","18.77032","17.92008","18.73526","18.59975","17.76997","18.91916","18.44677","18.66326","18.74006","18.92665","18.43731","18.46694","18.71248","18.35653","18.66790","18.56014","18.37912","18.73429","18.17024","18.55396","19.47949","18.55283","18.90854","18.46855","18.81789","18.46713","18.41333","19.25820","18.59124","18.79552","18.68656","18.49989","19.29617","18.92370","18.68274","18.75486","18.56577","18.52997","18.42790","18.35331","18.59813","18.58001","18.55450","18.48290","18.48507","18.56686","18.46921","18.43686","19.08545","18.44050","18.48790","18.63025","18.37553","18.53114","17.65671","18.37198","19.05776","18.64624","18.79277","18.15951","18.47597","18.76045","18.64319","18.36271"
"IGF2","14.68045","14.60738","14.12631","14.44496","14.40483","14.05664","14.56108","13.89856","14.58456","14.19793","14.28356","13.90147","14.20650","14.38299","14.35518","14.52704","14.93534","14.66911","14.47182","14.34045","14.54593","13.40866","13.99162","13.99541","13.76703","13.92744","13.92437","14.84874","14.41964","15.02531","14.40490","14.16052","14.46242","14.42105","14.63948","15.22849","14.46481","14.03986","14.41497","14.64949","14.27280","14.43627","14.27034","14.66301","14.33214","14.42617","14.71928","14.50704","14.45196","14.71386","15.12028","14.63035","14.43075","14.26531","14.58341","14.86709","14.42691","14.06960","14.87497","14.88587","14.75413","14.53323","14.54209","14.45431","14.41279","14.67515","13.83753","14.25297","14.64350","14.19462","14.05707","14.38932","14.39129","14.48396","14.07346","14.39156","14.03100","14.18053","14.20361","14.35426","14.03124"
"ITIH4","18.93754","19.06119","19.19504","18.75811","19.35004","19.36122","19.51250","19.66627","19.17277","18.38386","18.84503","18.54390","18.76919","19.42125","18.74581","19.41191","19.30012","19.13134","19.04559","19.40367","19.07431","18.57100","19.69573","18.95259","19.29245","19.31173","19.40903","18.61512","18.97489","18.94558","18.96885","18.97323","19.22973","18.85839","19.19598","19.39556","19.15608","19.28854","18.99742","19.64047","19.11859","19.16457","19.15022","19.08624","19.41663","19.44430","18.44747","19.17318","19.05719","19.45816","19.48639","19.21611","19.43732","19.24652","19.36806","19.11022","18.81546","18.86480","18.76915","19.07388","19.28201","19.07996","18.90704","19.05385","18.98835","19.63716","18.98153","19.62810","18.99828","19.04205","19.00204","19.34791","18.81618","18.97218","19.15085","19.21409","19.62367","19.21905","19.90156","19.12453","19.03413"
"PLMN","17.43007","17.28315","17.67332","17.41305","17.54977","17.37863","17.88328","17.16085","17.89230","16.77592","17.49561","16.96482","17.24880","17.30544","17.31584","17.78514","17.74041","17.16639","17.25336","17.20298","17.41808","16.84101","17.24261","17.11994","17.42677","17.40302","17.40648","16.65158","17.46226","17.93684","17.08348","17.21851","17.12539","17.25166","17.59847","18.28172","17.80190","17.38070","17.42522","17.33639","17.58393","17.16166","18.02287","17.46833","17.33862","17.24933","17.37206","17.27049","17.60824","17.50718","17.71115","17.47394","17.78562","17.45320","17.35722","17.79219","17.15034","16.39187","17.41492","17.90960","17.10972","17.56436","17.86999","17.54340","17.85080","17.64322","17.60692","17.56354","17.76557","17.89171","17.80993","18.04964","17.45424","17.63322","17.30699","17.51963","17.21615","17.31088","17.48464","17.48651","17.05393"
"PON1","19.12501","18.49876","18.44306","19.59013","19.54748","18.50416","18.75950","18.58505","19.75757","18.24960","19.17425","19.56164","19.09621","18.65778","19.24361","19.15903","19.29243","19.07393","19.83021","19.00493","18.54937","18.98540","19.33014","18.81709","18.79269","17.99686","18.66213","19.44157","19.32683","19.63082","19.02984","18.80835","18.56074","19.21550","19.81998","19.44716","19.36758","19.30394","19.29090","18.46553","19.38158","18.94907","19.59728","19.17286","19.38239","19.10145","19.12910","19.03413","19.92180","18.63577","19.16700","19.05143","19.06883","18.58512","18.96843","19.05309","18.50527","17.25355","19.76903","19.85147","18.94499","19.51893","20.06351","19.64811","19.88391","19.28837","19.30316","18.62376","19.34802","19.10812","19.22803","19.84468","19.20179","18.95710","19.50557","19.55160","18.41069","19.13914","18.75093","18.99865","17.99034"
"RET4","18.68144","17.85143","18.12048","18.11858","17.46310","17.45147","18.02246","16.32102","18.39491","17.33343","17.37973","17.98832","17.93548","17.18941","18.05391","17.84572","17.89440","17.55151","17.74938","18.25795","18.25382","17.90535","16.87715","17.31315","16.67697","17.54394","17.36450","18.15352","18.00595","18.46274","18.27697","17.33803","16.51176","17.90042","18.39529","18.47908","17.93363","17.67075","17.66631","17.40120","19.01246","17.40129","17.97449","17.93385","17.73986","17.22412","17.06760","17.77821","18.12822","17.69812","18.46682","17.74800","17.52914","17.49286","17.92512","17.97323","18.08826","16.16320","18.21997","17.81020","17.63765","18.70355","18.50919","18.32614","18.01331","17.66756","18.11459","17.82485","18.01073","17.65428","18.13116","17.79819","18.17252","17.92531","18.43023","17.97146","17.53415","17.58742","17.40249","17.76969","17.03043"
"SHBG","15.42817","14.79787","14.74277","13.55668","15.71006","15.77779","14.99111","15.02137","15.35119","13.78834","15.69844","16.04389","14.49835","15.65019","14.56762","14.98690","14.51887","15.51504","14.90222","15.99138","14.49390","14.65534","14.70698","14.40303","14.92681","15.89481","15.96507","15.23046","14.32849","14.53661","14.72765","15.15896","15.39977","14.94970","14.72932","16.09821","15.57665","15.48452","15.21711","15.73104","14.45421","14.76618","14.35463","15.14235","15.88877","16.00094","15.57357","15.34098","15.03436","15.72268","16.23225","15.39247","14.61522","15.56843","15.26091","15.52718","14.75916","14.77556","15.87375","14.90946","16.48676","14.40599","14.45462","14.71970","14.87683","15.16963","15.78979","15.20562","14.41214","14.85323","14.70273","14.62318","15.87305","14.90092","15.79285","15.01661","15.76295","16.10608","15.19363","14.43324","14.66320"
"TETN","16.14040","15.96471","15.47114","16.27300","16.08707","15.50205","15.49016","15.09455","15.99889","15.43052","15.80535","15.67725","15.75894","15.83040","16.10380","15.73513","16.05264","16.09884","16.22243","15.68462","15.51430","15.60789","15.35072","15.21126","15.20400","15.48521","15.28601","16.28855","16.02345","16.27391","16.13319","16.22856","15.51982","16.18367","16.56944","16.07006","16.02148","15.37366","16.10007","15.54909","15.93053","15.97488","15.96406","16.34017","15.73502","15.54022","15.71468","15.70280","16.34823","15.43963","15.87034","16.05639","15.71804","16.09450","15.67769","16.20537","16.01578","14.39823","16.15068","15.81608","16.33269","16.35570","16.19993","16.34288","16.27042","15.64087","16.30156","15.56154","16.22792","16.33077","15.80663","16.42935","16.44812","15.83205","16.12380","16.03155","15.13350","15.43875","15.26166","15.62678","15.32611"
"THBG","14.33031","14.38216","14.43020","13.53595","14.14007","14.18664","14.33042","13.91025","13.87800","12.74663","14.11674","13.72317","13.47996","13.90452","13.61969","14.02817","14.00253","14.12141","14.54420","14.15520","13.74219","13.33392","13.99646","13.62889","13.47739","14.02594","13.80753","13.95390","14.01432","13.95173","14.01436","13.74233","14.09308","14.03419","14.22813","14.13266","13.60170","13.65417","13.64233","13.82118","13.89478","14.18700","14.04865","14.05798","13.88172","14.34212","14.33640","14.31109","13.72263","13.80656","14.12566","13.99552","14.39923","13.94206","14.16358","14.34248","14.30441","13.39813","14.03014","14.45228","14.71187","13.89263","13.87814","13.67950","14.37146","14.41176","14.37087","13.90009","13.55123","13.50470","14.26355","14.35199","14.29558","13.96703","14.35567","13.90051","12.95464","13.97947","13.00001","13.45385","13.88635"
"THRB","18.19918","18.33363","18.65590","18.23998","18.45339","18.23266","18.90474","18.45948","18.24577","18.18027","18.30663","18.10261","17.34344","18.66551","18.30632","18.68061","18.68579","18.18630","18.74689","18.52161","18.59026","17.94160","18.63513","18.41184","18.54602","18.16588","18.23968","18.29598","18.82562","18.83892","17.86233","18.46094","18.48472","18.59271","18.97184","18.58988","18.77454","18.26524","18.45932","18.76527","18.94663","18.23746","18.96685","18.72092","18.59978","18.87090","18.30501","18.56832","18.68820","18.59946","18.58946","18.74756","18.93753","18.33839","18.83882","18.80870","18.42255","17.73687","18.27498","18.66633","18.46391","18.83051","19.29023","18.39306","18.66366","19.33037","18.68699","18.48359","18.91408","18.99773","18.10979","18.74288","18.88988","18.79950","18.77432","18.63233","17.98811","18.72085","18.68526","18.59733","18.34831"
"TRFE","21.83455","21.95708","21.87919","21.80213","21.44207","21.19056","21.79771","21.07492","21.78549","21.21652","22.03849","21.89205","21.60506","21.31294","21.78267","21.52707","22.47293","21.45415","22.05968","21.46113","21.57829","21.46201","21.43327","21.29289","21.13474","21.11152","21.35978","21.85380","21.72683","21.90902","21.78252","21.95160","22.18981","21.83616","22.16659","22.45203","21.78200","21.94597","22.03158","21.91778","22.20178","21.71462","22.53083","22.10467","21.66772","21.63281","21.47463","21.16099","21.78023","21.66141","21.90205","21.73046","21.72943","22.61258","21.81260","22.00064","22.41683","20.06525","21.61751","22.00653","21.42756","22.36776","22.37562","21.83053","21.80065","21.54520","22.03896","21.71898","22.08845","22.05274","21.78581","22.45368","22.03071","21.80338","22.21961","22.06344","21.58487","22.14144","21.96449","21.39665","21.28711"
"TTHY","19.12014","17.96379","18.52324","18.52143","18.13877","17.83198","18.66595","16.69458","18.66377","17.89616","18.54359","19.03093","18.15046","16.95097","18.85821","18.43947","18.84057","17.46005","18.33866","18.80184","18.57962","18.01089","16.94352","17.60207","17.23223","18.05845","17.66126","18.74466","19.10879","19.01746","18.52043","18.33003","17.43611","18.39949","18.55964","18.72202","19.21777","17.93442","18.34649","18.17289","19.67303","17.88841","19.04402","18.60331","17.85037","18.22936","18.13974","18.45593","19.16181","18.03995","18.96701","18.40270","18.30450","18.73567","18.40796","18.66319","18.40148","16.58575","19.28636","18.47083","18.05038","19.29491","19.09179","19.46961","18.80588","17.77859","18.66152","17.85379","19.04412","18.40899","18.69259","18.60891","18.86135","17.94745","18.51350","18.94702","17.24663","18.63852","18.02014","18.85750","18.02422"
"VTNC","18.75042","19.22576","19.54226","18.80973","18.89026","19.84377","19.56955","19.37916","19.42085","18.66929","18.94586","18.89647","18.89630","19.14180","18.79700","19.40380","19.58052","18.96243","19.15216","19.44786","19.10282","18.61759","19.36451","18.80607","19.11316","19.10513","19.38834","18.98860","19.24831","19.47852","19.07044","18.96694","19.21279","19.27454","19.04152","19.95289","19.14377","19.20895","19.10182","19.33951","19.48209","19.40688","19.97891","19.24767","19.44232","19.11458","19.39040","19.23819","19.42958","19.19634","19.65940","19.02602","19.52427","19.15214","19.63234","18.96410","18.89495","19.20031","18.80943","19.31374","19.16412","19.00714","19.27905","19.01818","19.08878","19.64190","18.79343","19.36831","19.12085","19.40228","18.97394","19.14809","18.63720","18.68720","18.93819","19.08475","19.10516","19.11910","18.90034","18.85018","18.65528"
